[//开盲盒
    {
        "name": "discover cultural artifacts",
        "notification": "哇！紫色——文化！(+20 culture)",
        "uniques": ["Gain [20] [Culture]"],
        "color": "#cf8ff7"
    },
    {
        "name": "squatters willing to work for you",
        "notification": "哇！金色——传说！你获得了一个工人",
        "uniques": ["Free [Worker] found in the ruins"],
        "excludedDifficulties": ["Prince", "King", "Emperor", "Immortal", "Deity"]
    },
    {
        "name": "squatters wishing to settle under your rule",
        "notification": "哇！金色——传说！你获得了一个移民！",
        "uniques": ["Free [Settler] found in the ruins"],
        "excludedDifficulties": ["Warlord","Prince","King","Emperor","Immortal","Deity"]
    },
    {
        "name": "your exploring unit receives training",
        "notification": "哇！金色——普通！你的单位获得了30exp。",
        "uniques": ["This Unit gains [30] XP", "Only available <after [20] turns>"]
    },
    {
        "name": "survivors (adds population to a city)",
        "notification": "哇！金色——传说！有人加入了 [cityName].",
        "uniques": ["[+1] population in a random city"], // This can't be easily added to cityFilter, as it is non-deterministic
		"color": "#81c784"
    },
    {
        "name": "a stash of gold",
        "notification": "We have found a stash of [goldAmount] Gold in the ruins!",
        "uniques": ["Gain [50]-[100] [Gold]"],
        "color": "#ffeb7f"
    },
    {
        "name": "discover a lost technology",
        "notification": "We have discovered the lost technology of [techName] in the ruins!",
        "uniques": ["[1] free random researchable Tech(s) from the [Ancient era]"],
		"color": "#7f7fff"
    },
    {
        "name": "advanced weaponry for your explorer",
        "notification": "Our unit finds advanced weaponry hidden in the ruins!",
        "uniques": ["This Unit upgrades for free including special upgrades"]
    },
    {
        "name": "reveal nearby Barbarian camps",
        "notification": "红色——普通！我们发现了宝可梦巢穴的踪迹！",
        "uniques": ["Reveal up to [All] [Barbarian encampment] within a [10] tile radius"]
    },
    {
        "name": "find a crudely-drawn map",
        "notification": "白色——普通！我们发现了一张残破的地图！",
        "uniques": ["From a randomly chosen tile [4] tiles away from the ruins, reveal tiles up to [8] tiles away with [80]% chance"]
    },
    {
        "name": "discover holy symbols",
        "notification": "白色——信仰！我们发现了传说的遗址！(+[faithAmount] Faith)",
        "uniques": ["Hidden when religion is disabled", "Gain enough Faith for a Pantheon", "Only available <before founding a Pantheon>", "Only available <after [20] turns>"],
		"color": "#CDDDF4"
    },
    {
        "name": "an ancient prophecy",
        "notification": "白色——信仰！我们发现了古老的预言！(+[faithAmount] Faith)",
        "uniques": ["Hidden when religion is disabled", "Gain enough Faith for [33]% of a Great Prophet", "Hidden after generating a Great Prophet", "Only available <before founding a Pantheon>", "Only available <after [20] turns>"],
		"color": "#CDDDF4"
    }
]
